category_code,funding_required,founded_year,success_ratio,problem_importance,solution_uniqueness,usp_strength,business_model_clarity,target_market_size,team_experience_years,equity_offered
music,375000,2007,1,8,5,8,8,27,12,6.4
enterprise,40100000,2000,1,9,5,9,7,2,5,16.09
web,2600000,2009,1,7,10,9,7,93,5,19.96
software,40000000,2002,1,9,10,9,6,38,3,21.21
games_video,1300000,2010,0,9,7,7,5,3,3,13.28
network_hosting,7500000,2002,0,6,9,8,9,16,4,9.08
software,26000000,2005,1,7,5,10,8,94,2,5.85
finance,34100000,2004,1,7,6,7,8,40,0,16.59
mobile,9650000,2002,1,7,8,5,10,2,14,14.06
web,5750000,2005,1,9,5,9,7,81,0,23.97
mobile,27500000,2000,1,8,5,7,5,41,11,6.21
web,10400000,2006,0,7,7,7,6,12,14,18.71
web,350000,2004,0,10,9,5,5,35,12,5.5
education,9950000,2007,1,9,8,6,10,65,6,8.43
software,10700000,2001,1,6,10,8,4,55,0,14.07
public_relations,200000,1999,0,8,10,10,5,45,0,14.1
security,49000000,2003,0,10,6,6,10,79,2,18.71
games_video,25000000,2000,1,10,8,9,4,90,9,23.2
web,4575000,2010,1,6,10,7,4,85,14,17.78
enterprise,28000000,2007,0,8,6,5,6,62,3,24.07
software,4355000,2001,1,9,9,5,9,49,3,22.63
other,15000000,2004,0,5,6,8,7,95,1,16.69
web,3170000,2002,0,8,10,6,5,25,0,21.68
mobile,2300000,2008,0,6,7,8,4,23,2,17.85
public_relations,455000,2007,0,10,7,7,5,24,10,6.57
software,13000000,2002,1,9,7,8,9,38,3,19.81
public_relations,15000000,2003,1,8,10,10,7,28,2,6.9
photo_video,3800000,2008,1,5,7,5,9,21,7,16.88
web,299500000,2007,1,5,8,5,7,54,13,19.05
hardware,1000000,2005,1,7,9,9,8,18,9,6.33
other,10500000,2007,0,7,6,9,7,36,0,9.62
public_relations,8600000,2001,1,6,6,7,6,99,13,23.31
software,5000000,2006,0,8,10,10,9,45,1,17.33
mobile,2304999,2011,1,8,7,6,4,73,12,9.93
security,25000,2009,0,10,7,8,8,53,6,18.81
software,4000000,2004,0,10,5,7,6,30,3,16.94
software,14600000,2007,0,10,9,9,5,60,7,15.03
hardware,44000000,2005,0,7,8,8,9,98,10,24.52
ecommerce,1822922,2008,1,8,6,9,10,32,12,18.67
advertising,29915001,2006,1,8,5,8,10,67,2,12.51
enterprise,33000000,2006,1,5,5,6,4,67,5,21.0
mobile,125000,2011,1,7,10,7,7,28,8,22.69
travel,4000000,2008,0,9,6,8,4,44,0,7.5
enterprise,10000000,2004,1,7,10,10,10,79,0,9.01
advertising,6000000,2002,1,9,8,5,5,41,7,9.32
software,25000000,2003,1,5,5,10,8,63,2,18.82
fashion,3750000,2009,1,6,5,10,8,23,4,17.06
software,3000000,2009,1,8,9,5,9,75,0,17.38
software,1155000,2010,1,5,8,10,8,48,4,23.82
software,10000000,2002,1,8,5,8,9,32,10,20.52
web,3000000,2006,1,10,8,8,9,57,5,7.56
mobile,11500000,2009,1,6,6,8,9,33,7,11.95
web,5000000,2004,1,6,7,5,10,24,12,13.71
public_relations,29000000,2000,1,5,5,10,10,39,13,12.92
enterprise,34700000,2006,1,6,9,5,7,34,2,18.39
software,12050000,2004,0,9,6,8,6,56,2,22.84
analytics,12000000,2006,1,6,8,10,9,28,11,11.12
consulting,5500000,2005,1,8,10,10,9,37,10,16.04
software,24000000,2007,1,8,6,9,6,7,10,20.79
mobile,10000000,2000,1,8,5,9,4,68,9,13.32
biotech,19009671,1999,0,8,8,6,9,37,8,8.36
cleantech,5000000,2005,0,9,7,7,7,56,3,14.5
enterprise,18914576,2001,1,7,6,9,8,65,14,6.1
software,4000000,2001,0,10,5,5,8,65,3,23.85
software,2030882,2008,1,5,9,9,5,47,11,6.5
cleantech,5000000,2006,1,8,10,6,5,20,6,13.77
software,20500000,1999,0,6,8,10,8,19,1,15.6
advertising,13250000,2006,1,8,6,6,8,29,7,24.71
security,12000000,2000,1,6,6,10,10,74,5,8.32
advertising,11489687,2005,1,10,7,10,7,60,2,7.29
web,4000000,2008,1,10,7,7,6,18,8,5.17
software,355000,2012,1,10,9,9,5,92,4,8.11
web,118000,2006,1,6,10,5,10,35,7,9.15
advertising,40400000,2003,1,8,9,5,10,43,6,17.61
software,3000000,2007,0,10,5,8,6,95,13,9.39
software,19700000,2003,0,9,5,10,10,91,7,5.41
software,17800000,1998,0,6,9,5,7,11,6,21.53
photo_video,57500000,2010,1,6,10,7,8,49,2,12.31
games_video,17200000,2006,1,8,9,10,9,38,1,12.07
mobile,457282,2008,0,6,10,7,6,64,6,11.05
mobile,18500000,2010,1,6,10,5,8,69,2,24.51
cleantech,12000000,2008,0,10,8,5,8,8,2,8.4
cleantech,510000000,2007,0,8,10,8,4,34,1,22.96
search,18250000,2002,1,10,7,5,6,48,3,20.54
music,41500019,2004,1,10,10,10,10,56,7,6.53
software,1000000,2000,0,8,10,10,9,76,11,24.73
web,5000000,2006,1,5,10,10,6,65,0,10.43
cleantech,42700000,2001,0,10,5,8,10,31,0,6.97
ecommerce,12000000,2013,0,9,7,8,8,4,11,21.59
software,22300000,2003,1,9,7,5,9,50,13,19.13
semiconductor,10000000,2002,1,6,9,6,10,69,4,17.34
advertising,15564591,2005,0,9,8,6,7,30,10,8.12
web,500000,2007,1,6,10,8,10,88,4,14.57
analytics,8950000,2010,1,5,6,5,4,59,10,20.61
finance,55350000,2006,1,8,8,6,8,67,11,11.07
public_relations,4000000,2002,0,8,8,5,10,75,0,11.23
software,10764323,2006,1,8,7,5,5,45,5,5.06
software,5500000,2007,0,9,8,5,5,4,0,8.48
social,400000,2008,1,5,10,9,4,26,4,22.51
cleantech,54000000,2007,0,9,10,10,7,27,8,13.83
software,32000000,1985,0,9,5,5,8,46,11,24.68
software,13000000,2000,1,5,10,9,6,64,13,12.91
software,12500000,2005,1,5,10,8,4,91,4,19.3
security,38064570,2004,1,5,7,6,7,51,5,10.64
web,6000000,2007,1,5,10,10,6,50,7,12.28
web,5000000,2006,0,8,5,6,5,6,10,8.81
software,59000000,2000,1,7,6,10,5,59,0,11.94
web,1000000,2011,0,7,7,6,6,15,13,15.94
web,600000,2007,1,5,6,10,4,30,1,24.84
mobile,125000000,2006,0,7,7,6,5,42,8,18.28
web,2750000,2007,1,7,9,6,8,37,2,8.98
network_hosting,30000000,2003,1,5,8,6,9,42,5,5.9
semiconductor,7000000,2003,0,7,9,6,10,35,4,7.53
search,6100000,2006,1,9,10,8,6,87,10,16.25
enterprise,2100000,2010,0,6,6,5,6,6,1,20.3
mobile,2565000,2009,1,6,10,7,5,68,13,23.81
biotech,2000000,1997,0,5,8,9,4,18,14,5.32
network_hosting,22400000,2003,1,8,7,7,8,73,6,15.46
ecommerce,6250000,2005,1,5,8,7,4,29,3,14.42
web,575000,2010,1,8,5,10,7,77,0,18.12
web,53000,2009,0,6,8,5,7,59,12,16.19
ecommerce,9500000,2006,1,5,5,10,9,47,3,18.74
enterprise,3500000,2009,0,10,8,5,5,17,5,18.16
photo_video,10500000,2009,1,9,5,5,5,96,6,7.34
cleantech,34250000,2008,1,7,6,6,5,22,14,20.99
biotech,85381111,2006,1,8,10,8,9,68,6,7.46
web,100000000,2000,1,10,10,6,7,69,13,18.97
advertising,125000,2009,0,7,9,8,4,37,6,13.32
mobile,10600000,2003,0,7,10,10,9,49,2,15.28
semiconductor,26100000,2004,1,5,7,8,9,13,5,23.07
web,30000000,2000,1,7,8,10,4,34,12,22.8
games_video,132885,2010,0,9,9,7,5,86,7,21.36
software,9500000,2006,1,10,7,7,8,53,3,15.2
network_hosting,18000000,2000,1,7,7,8,4,87,12,19.72
web,690000,2010,0,5,5,8,7,51,7,15.26
mobile,25131611,2001,1,9,10,10,6,3,1,22.39
hardware,2000000,2007,0,6,6,6,6,42,14,13.06
biotech,78750000,2004,1,10,6,10,10,98,9,24.4
advertising,48500000,2006,1,7,9,6,10,32,8,23.65
network_hosting,15000000,2005,0,5,6,7,9,51,8,19.83
analytics,74000000,2007,1,6,8,5,6,85,7,10.59
software,15000000,2005,1,6,6,8,8,46,9,7.63
games_video,45000000,2004,0,8,9,6,5,21,13,22.09
mobile,4410000,2006,1,9,6,10,7,44,12,8.31
web,4500000,2010,1,7,8,7,10,11,9,22.09
software,11040000,2007,1,5,5,6,8,68,0,14.82
games_video,1600000,2009,1,8,9,10,7,1,1,13.13
software,9000000,2002,1,9,5,8,7,92,5,23.06
analytics,3282327,2010,1,8,5,8,5,63,9,17.08
web,24700000,2002,1,10,5,9,9,24,4,16.53
semiconductor,8800000,2002,0,9,7,5,6,99,11,16.18
web,1700000,2007,0,9,10,9,5,13,13,12.42
web,20000,2010,0,7,7,7,8,98,8,20.71
mobile,11500000,2005,1,9,10,6,9,11,4,10.06
mobile,98170000,2001,0,8,5,7,8,51,1,23.78
web,1350000,2010,1,9,9,10,9,17,9,22.88
software,940261,2005,1,7,10,8,10,99,3,11.75
web,4000000,2007,1,7,8,9,8,82,8,19.59
web,5000000,2008,0,10,8,9,5,86,0,16.46
web,20000,2009,0,8,6,9,9,24,10,11.75
network_hosting,12500000,2002,1,6,10,7,9,19,0,24.77
finance,7228704,2009,0,6,9,8,7,37,11,5.5
biotech,55000000,2006,0,9,7,6,7,85,6,10.05
enterprise,15180000,2004,1,10,5,10,4,8,10,15.4
software,30000000,2008,0,5,6,6,8,28,2,15.44
network_hosting,14500000,2006,1,9,8,7,7,5,9,16.78
advertising,6500000,2009,1,10,7,10,4,17,1,20.03
web,15000,2012,0,8,7,9,10,36,8,17.47
mobile,4705910,2009,1,8,5,5,10,19,2,17.01
games_video,3000000,2008,1,8,10,7,7,64,1,6.07
web,125250000,2007,1,8,8,7,8,91,11,12.53
social,1449998,2008,0,8,9,8,9,98,7,9.64
mobile,6000000,2011,1,10,7,6,6,11,9,10.31
medical,28200000,2005,1,10,5,7,8,54,5,16.09
software,14000000,2005,1,7,9,7,5,45,5,8.99
enterprise,3000000,2007,0,6,10,9,10,47,9,10.88
enterprise,2238055,2010,0,8,8,9,7,12,10,9.74
photo_video,5200000,2010,0,5,10,10,7,21,6,23.97
ecommerce,75000000,2010,1,10,7,5,9,11,6,23.89
software,24500000,2006,0,5,9,8,5,92,10,17.2
advertising,4476171,2002,0,5,9,5,9,5,12,23.49
web,10400001,2007,1,5,9,10,5,81,14,20.72
network_hosting,68400000,2002,1,7,7,9,6,56,5,16.8
software,15200000,2004,1,10,7,6,10,20,3,5.13
mobile,890000,2011,0,5,10,9,7,41,10,20.45
mobile,2600000,2001,0,8,6,8,7,46,8,19.05
enterprise,1226270,2009,1,9,10,9,6,12,5,17.31
web,9000000,2002,1,5,8,8,4,70,3,20.21
enterprise,7210210,2004,1,7,5,8,10,17,11,15.26
automotive,15700000,2011,1,10,9,8,9,19,2,19.08
software,15050000,2000,1,7,6,10,6,26,3,23.7
games_video,3500000,2006,1,5,5,8,9,48,2,12.52
software,43000000,2000,0,10,6,8,8,52,14,19.16
web,57000000,2005,1,9,10,6,7,96,1,14.51
web,1300000,2007,1,5,7,5,9,70,13,18.49
games_video,69750000,2004,1,7,9,7,5,55,4,20.26
advertising,14500000,2001,1,6,10,5,9,75,1,5.91
hardware,48000000,2002,0,8,5,8,8,33,5,17.93
medical,3508462,2006,0,7,5,6,10,62,2,9.53
software,19500000,2002,1,10,5,9,7,88,5,18.4
mobile,3750000,2012,1,5,5,6,6,23,14,14.37
web,45000000,2010,0,8,5,8,8,15,10,20.47
enterprise,32500000,2005,0,5,6,6,7,27,9,7.47
enterprise,4900000,2000,1,10,10,6,9,75,8,17.53
advertising,12000000,2005,0,5,9,8,10,64,0,10.57
web,7175000,2006,1,6,7,10,4,81,5,22.06
web,4700000,2005,0,8,7,6,10,51,8,23.57
public_relations,120000,2008,0,8,10,7,4,53,10,24.93
advertising,10000000,2002,1,10,10,7,5,78,3,20.92
semiconductor,39000000,2000,0,6,7,6,10,91,10,20.07
software,16100000,2003,1,7,7,10,7,82,11,9.31
advertising,3300000,2006,1,5,6,9,4,92,1,11.72
analytics,750000,2009,1,9,8,8,6,51,12,14.31
software,1000000,2006,0,5,9,7,7,47,3,20.47
biotech,7410000,1996,0,5,5,9,6,4,0,23.3
semiconductor,52800000,2000,1,7,8,6,10,7,2,8.78
software,37000000,2001,0,5,10,9,6,35,9,23.45
web,14229998,2007,1,6,7,5,4,48,8,18.91
messaging,3000000,2009,1,6,8,7,7,73,9,17.22
advertising,20000000,2005,1,8,9,6,9,72,4,9.0
advertising,2000000,2008,1,10,10,8,8,45,14,6.11
software,19900000,2003,1,9,5,10,4,81,10,16.37
ecommerce,1500000,2006,0,5,5,6,4,81,5,18.03
cleantech,325000,2009,0,5,9,8,9,97,2,9.22
enterprise,3500000,2010,0,7,9,10,7,96,4,16.13
network_hosting,30000000,2004,0,10,7,10,7,72,10,22.13
biotech,50000000,2003,1,6,5,6,10,19,7,21.7
ecommerce,2000000,2008,1,9,10,9,6,63,5,23.55
advertising,72000000,2005,1,8,8,9,10,38,3,12.32
cleantech,27690547,2004,1,6,10,10,9,67,1,11.36
semiconductor,9000000,2004,0,10,6,9,10,59,13,19.99
enterprise,7500000,2008,1,8,6,5,9,69,8,13.62
software,10000000,2007,1,7,9,10,7,13,12,6.75
software,5965000,2006,1,7,7,10,6,47,11,10.66
mobile,4000000,2006,1,5,6,8,10,61,0,13.37
advertising,5000000,2003,0,10,5,9,4,31,0,10.85
advertising,11500000,2004,1,9,10,10,5,80,12,11.64
web,1050000,2009,0,8,10,5,8,96,3,10.88
web,5500000,2007,1,6,9,8,4,22,6,5.83
advertising,5000000,2007,1,10,8,6,7,93,0,17.74
enterprise,3700000,2011,0,10,9,10,8,86,8,16.95
software,7000000,2006,0,7,8,5,5,43,3,18.07
network_hosting,32000000,2005,0,5,9,7,5,67,2,8.85
advertising,7900000,2007,1,5,9,5,6,54,0,10.91
network_hosting,80000000,2006,1,8,9,5,8,10,9,17.39
mobile,5000000,2005,0,7,8,8,6,42,3,16.99
security,2100000,2006,1,10,8,6,4,64,8,15.13
enterprise,22250000,2004,1,9,9,7,9,21,12,12.01
enterprise,1975000,2011,1,7,6,9,9,80,13,23.26
web,1000000,2008,1,8,7,9,9,76,9,11.8
cleantech,35000000,2008,0,8,7,5,8,66,5,14.11
mobile,88651133,2005,1,7,7,8,9,41,5,18.56
semiconductor,26000000,2000,1,8,8,8,4,24,0,15.86
games_video,100000,2010,0,7,8,9,6,35,9,11.94
mobile,5000000,2005,1,6,6,7,8,56,1,13.71
biotech,7300000,2000,0,7,7,6,6,30,10,20.89
biotech,64080000,2003,1,7,7,7,8,57,5,10.56
enterprise,5800000,2010,1,8,9,10,6,94,1,7.85
finance,89500000,2004,0,8,8,10,5,47,2,11.26
games_video,23350000,2006,1,5,7,6,6,35,3,21.99
software,13500000,2002,1,5,10,9,9,19,10,6.78
security,24500000,2000,1,6,6,6,5,8,4,24.83
public_relations,10000000,2002,0,5,10,8,6,26,14,15.82
other,8500000,2007,0,7,10,10,8,71,8,24.7
cleantech,6000000,1992,0,8,6,5,8,30,11,23.78
software,2000000,2008,1,5,10,5,8,7,14,14.06
enterprise,4100000,2010,1,5,7,9,7,67,14,8.97
search,6200000,2004,1,6,8,8,4,65,3,8.3
advertising,12250000,2003,1,10,6,7,8,36,12,9.8
mobile,11725600,2003,1,6,9,8,5,25,10,19.2
software,16000000,2001,0,7,10,5,8,37,8,10.46
mobile,5056559,2006,1,8,6,5,7,1,10,11.83
web,100000,2005,1,6,5,10,9,15,9,13.98
hardware,68200000,2001,1,5,5,8,5,37,2,23.26
enterprise,33000000,2001,1,8,8,8,7,13,7,8.79
analytics,3352194,2009,0,8,7,5,9,8,11,5.1
analytics,2212000,2010,1,5,8,7,10,5,0,6.2
biotech,19800000,2004,1,6,8,9,10,60,10,23.1
web,4500000,2010,0,5,8,9,5,73,8,17.95
software,14000000,2004,1,10,8,8,6,1,8,10.46
social,100000,2011,0,8,9,9,4,36,9,8.54
software,9900000,2004,1,9,9,5,4,35,1,10.89
advertising,7600000,2008,1,9,6,5,7,66,3,7.3
games_video,50000,2008,0,7,5,8,9,63,12,23.83
public_relations,650000,2007,0,5,8,8,4,23,7,20.68
mobile,10500000,2008,0,5,6,10,9,9,6,14.25
web,500000,2012,1,7,5,8,9,34,0,22.3
web,24300000,2003,1,7,10,7,7,46,4,9.99
hardware,18000000,1999,0,7,7,9,7,78,6,19.34
messaging,26000000,2007,1,8,9,8,7,4,14,22.12
hardware,9500000,2005,0,10,10,6,4,30,3,12.14
biotech,16980999,2000,1,5,5,10,10,95,14,20.15
games_video,5000000,2004,0,8,10,6,7,75,14,10.9
hardware,350000,2007,0,7,7,5,4,99,0,10.98
web,13130000,2006,0,5,5,9,7,72,8,7.14
software,20000000,2008,0,8,10,8,8,3,13,13.8
mobile,26500000,2006,1,10,9,6,9,14,4,19.59
enterprise,15000000,2002,1,8,9,9,7,60,10,23.8
public_relations,2600000,2002,0,10,6,5,5,77,1,17.08
cleantech,21470000,2004,0,7,10,7,9,45,7,22.26
mobile,20000,2010,0,10,8,10,9,96,10,21.45
web,3600000,2005,0,5,10,9,7,34,12,8.47
games_video,27300000,2005,1,7,5,9,10,45,1,14.72
ecommerce,2600000,2012,1,5,5,7,6,61,2,7.34
web,5000000,2010,0,9,10,9,10,83,13,18.64
mobile,17000000,2004,1,6,7,5,7,16,9,24.0
manufacturing,662000,2008,0,10,9,5,9,66,0,7.74
hospitality,3750000,2010,1,6,5,7,5,40,10,19.68
news,45000000,2004,1,6,9,10,9,17,1,17.64
music,6700000,2007,1,10,5,8,10,34,13,16.67
hardware,20750000,2006,1,7,6,6,5,16,6,12.8
games_video,19000000,2006,1,9,8,8,4,60,9,12.1
search,22500000,2006,1,5,5,9,8,66,1,5.9
advertising,7300000,2005,1,8,9,6,9,66,5,9.36
web,26390819,2005,0,5,6,7,7,90,14,5.3
software,10000000,2004,1,8,5,7,4,13,2,16.63
web,31000,2010,0,5,7,10,8,56,3,7.12
mobile,21500000,2005,1,10,8,6,7,31,10,22.46
security,4000000,2002,1,9,5,5,6,34,14,15.46
games_video,9400000,2006,1,8,6,6,7,39,12,18.99
web,5600000,2007,1,7,7,9,5,67,7,13.22
finance,6000000,2006,1,5,10,5,5,8,13,16.21
transportation,60704370,2000,1,5,6,7,6,87,2,23.85
sports,2000000,2009,1,8,6,6,4,78,9,6.65
finance,1000000,2008,1,7,7,8,8,55,5,10.08
games_video,200000,2007,0,7,6,10,7,27,0,20.6
cleantech,2300000,2007,0,10,7,8,5,93,6,6.97
mobile,1000000,2006,0,10,5,10,4,53,7,6.51
music,24750000,2003,1,10,7,9,6,39,10,12.23
software,12800000,2005,0,10,7,8,10,65,13,6.84
enterprise,30500000,2001,1,10,8,6,9,17,7,16.7
automotive,36300000,2003,0,10,7,6,10,30,2,9.53
real_estate,6693782,2008,1,9,7,8,10,53,13,22.91
hardware,20000000,1996,0,7,10,6,5,13,9,20.67
network_hosting,11370000,2005,1,10,5,9,6,21,0,18.99
web,16500000,2006,1,7,8,5,7,19,8,17.34
network_hosting,250000,2008,0,7,10,9,10,53,12,22.27
web,14400000,2006,1,6,9,10,10,19,5,9.46
enterprise,90000000,2007,1,9,5,9,8,57,10,22.46
advertising,13075000,2005,1,10,5,10,5,25,8,20.79
games_video,26000000,2007,1,5,9,6,5,86,6,19.96
enterprise,16300000,2008,1,8,7,5,7,31,0,16.23
enterprise,5992316,2003,1,5,10,6,9,81,11,9.92
biotech,89400001,2007,1,9,6,7,4,55,11,13.47
software,1200000,2005,0,8,8,6,8,23,0,20.87
web,1900000,2009,0,9,6,10,5,32,5,5.64
games_video,30300000,1999,0,7,9,6,8,62,4,20.64
web,500000,2006,0,8,5,6,5,74,8,9.8
network_hosting,74000000,2006,1,7,5,5,8,10,1,7.89
semiconductor,18800000,2000,1,5,8,6,6,72,7,7.31
web,20000,2009,0,5,5,5,10,54,10,5.55
mobile,3350000,2009,1,8,5,8,5,52,4,15.47
biotech,26100000,2005,1,8,8,7,8,20,1,9.37
enterprise,1213066,2009,0,10,10,5,4,32,12,24.79
advertising,24030000,2008,1,9,10,10,6,14,9,16.49
travel,13100000,2006,1,10,8,8,6,50,10,7.76
software,560001,2008,1,9,9,5,4,28,10,18.78
enterprise,3500000,2009,1,10,5,5,8,53,11,22.95
mobile,121500000,2005,1,7,5,7,7,24,5,19.9
mobile,42500000,2005,1,8,9,10,4,79,9,6.53
software,36000000,2000,1,5,10,9,8,22,7,22.92
enterprise,12170000,2005,0,9,7,9,4,30,3,20.88
software,1000000,2002,1,9,7,5,4,63,1,8.17
mobile,1820000,2008,1,5,7,6,5,4,11,6.04
mobile,5700000000,2003,1,10,10,10,8,77,10,16.15
security,5000000,2001,1,9,10,8,7,59,4,8.12
fashion,18800000,2010,1,7,9,6,10,87,14,21.69
advertising,72300000,2003,1,8,5,6,5,8,11,12.17
social,1310000,2009,1,5,9,10,4,82,1,23.26
software,15000000,2003,0,8,9,5,10,12,1,16.31
enterprise,39007789,2004,1,9,10,5,9,31,14,8.65
software,25000000,2004,1,9,7,5,10,78,5,7.79
web,172500,2009,1,5,6,5,4,34,10,16.53
social,6100000,2009,1,7,5,9,4,82,9,20.24
mobile,40300000,2004,1,6,10,5,8,98,8,20.63
ecommerce,100000,2011,0,5,7,9,8,75,12,10.52
education,19389998,2007,1,6,6,9,5,76,3,9.08
hardware,61500000,2000,1,10,6,5,7,49,5,5.34
software,6000000,2007,1,6,10,7,5,79,6,18.58
mobile,19100000,2004,1,7,8,8,6,57,12,6.53
advertising,3499997,2008,1,10,5,6,4,95,10,13.42
network_hosting,2600000,2006,1,6,6,9,10,93,5,17.03
web,2023000,2009,1,10,10,10,9,26,7,23.74
semiconductor,25000000,2002,1,6,10,10,4,18,3,11.24
fashion,66000000,2009,1,7,7,8,4,96,11,10.0
advertising,1000000,2009,1,6,8,10,5,86,14,18.08
mobile,13000000,2010,1,6,5,7,9,38,0,17.38
software,24150000,1998,0,6,9,10,9,81,6,11.64
semiconductor,47218498,2004,0,5,7,6,9,87,2,23.56
search,11800000,2002,1,5,6,6,5,88,13,21.9
analytics,2387481,2008,0,5,6,9,4,50,5,9.48
consulting,33000000,2000,1,7,7,5,5,8,1,9.78
software,7500000,2005,1,10,10,7,8,41,8,15.25
biotech,25000000,2000,1,9,6,9,8,6,0,20.47
software,25305000,2002,1,6,8,7,5,69,5,5.88
web,4950000,2008,1,6,5,5,9,44,5,18.87
software,53816776,2003,1,7,8,10,4,64,4,17.96
web,3500000,2005,1,6,6,10,5,29,12,9.63
enterprise,5000000,2007,1,5,9,5,5,28,4,18.63
network_hosting,2515000,2007,1,9,5,9,5,11,0,23.8
web,8400000,2006,1,8,5,5,6,65,9,5.94
mobile,4900000,2004,0,6,7,8,8,19,11,11.39
software,5000000,2001,0,5,7,6,10,9,4,13.76
public_relations,11000000,2001,1,8,9,9,9,27,1,22.99
mobile,68400000,2000,1,9,10,7,7,34,6,24.25
software,2000000,2007,1,8,5,8,10,44,2,13.88
enterprise,10800000,2006,0,5,9,9,9,68,12,20.0
news,37000000,2005,1,10,7,5,7,82,14,15.63
security,7660000,2004,1,10,7,5,6,15,3,15.76
software,48730000,2005,1,8,5,5,5,51,2,10.56
messaging,3350000,2009,0,7,8,5,6,13,2,9.34
ecommerce,28000000,2003,0,8,6,7,6,83,3,10.76
analytics,2500000,2010,1,6,7,8,10,49,4,16.13
web,8000000,2004,1,6,10,10,4,70,0,5.58
web,540000,2007,1,10,10,6,10,56,3,23.14
games_video,3100000,2006,1,7,7,7,8,76,11,8.13
mobile,1200000,2009,1,5,8,7,7,51,11,9.4
games_video,5000000,2007,0,6,8,10,5,37,10,15.37
security,37079000,2004,1,10,9,10,10,17,7,19.2
other,135826373,2002,1,9,10,6,7,58,9,6.91
mobile,5000000,2008,0,10,9,6,9,87,6,11.35
software,4200000,2011,1,6,10,10,7,90,8,24.37
web,4100000,2005,0,6,6,5,9,29,4,10.25
web,2000000,2011,0,10,6,7,10,33,12,11.26
software,6500000,2001,1,5,5,9,8,60,14,21.73
web,4000000,2005,0,8,9,6,10,91,9,6.0
mobile,185000,2010,0,6,7,6,9,89,3,14.29
mobile,1300000,2009,1,10,9,10,7,55,7,12.59
advertising,45000000,2003,1,10,7,8,7,10,8,11.33
search,2500000,2008,1,7,8,9,9,47,12,10.71
web,9200000,2005,1,8,9,9,6,23,6,6.83
web,435953,2010,0,9,8,6,8,85,13,11.3
network_hosting,55600000,2008,0,5,6,5,4,21,6,5.86
software,10000000,2001,1,9,6,8,5,13,4,20.62
games_video,12000,2010,0,8,5,9,7,33,3,12.96
biotech,2257464,2006,0,8,9,6,5,24,13,13.88
messaging,983000,2011,1,8,8,9,4,11,9,22.87
fashion,41000000,2007,1,9,7,8,10,17,0,18.16
software,9100000,2003,0,8,6,8,5,68,9,5.16
software,25500100,2004,0,10,6,7,4,47,9,23.86
web,400000,2010,1,9,7,10,9,25,6,9.74
network_hosting,22165091,2002,1,8,8,10,6,94,0,7.15
network_hosting,500000,2007,1,10,8,6,7,73,0,20.36
web,70000000,2005,1,7,9,8,4,21,4,15.01
security,4700000,2007,1,8,9,7,5,84,12,13.68
ecommerce,30000000,2006,1,9,10,7,7,83,8,9.99
software,39000000,2003,1,6,10,9,6,83,5,15.95
semiconductor,32000000,2000,1,8,5,9,9,12,2,10.49
advertising,42000000,2000,1,6,6,7,10,37,12,23.03
enterprise,24510540,2001,1,10,9,9,7,42,2,9.3
software,2500000,2000,0,7,8,8,10,17,6,22.69
software,21460663,2002,1,5,7,5,4,48,5,16.19
games_video,15000000,2001,1,7,8,8,6,28,8,21.57
mobile,889999,2006,0,8,6,7,5,41,5,19.26
software,16000000,2001,1,6,10,7,6,99,4,18.93
web,7000000,2005,1,6,8,8,6,47,9,11.49
advertising,100000,2010,0,9,5,9,8,18,6,9.68
music,1500000,2007,1,6,6,9,6,78,0,9.22
web,8000000,2000,1,9,10,10,6,99,11,22.14
web,4000000,2007,1,10,7,7,7,71,6,21.41
web,25000,2009,0,5,10,6,5,13,2,13.81
mobile,64630000,2003,1,8,5,10,7,82,13,7.65
web,12100000,2005,0,9,6,9,7,13,8,12.65
software,20000000,2001,1,5,7,8,4,31,14,17.39
hardware,49600000,2003,0,6,5,9,7,2,5,14.09
games_video,51450000,2000,1,6,10,8,8,16,8,20.6
messaging,6300000,2008,1,5,5,10,8,9,12,24.95
mobile,200000,2010,0,6,6,7,10,73,14,8.82
fashion,20000,2011,0,10,9,9,4,38,4,14.19
hardware,11600000,2003,1,10,5,8,10,75,6,13.62
web,9150000,2006,1,5,5,7,10,54,12,11.09
advertising,1200000,2009,0,9,10,6,9,56,13,8.96
social,1700000,2010,0,9,10,8,5,86,3,6.31
social,1415000,2007,1,5,7,10,5,97,14,22.74
enterprise,4200000,2005,1,9,10,6,7,87,6,13.4
web,500000,2007,1,9,8,6,7,45,12,14.94
public_relations,21500000,2002,1,10,6,5,9,34,0,23.34
web,10000000,2006,1,9,6,9,7,9,6,20.53
software,9500000,2004,0,7,9,8,5,88,7,7.61
cleantech,13875001,2007,0,8,9,6,10,8,4,16.31
software,275000,2000,0,6,6,5,6,7,1,13.85
software,19743770,2005,1,7,9,10,8,36,4,20.94
software,1178000,2008,1,9,7,7,6,18,5,19.48
security,25000000,2005,1,10,10,8,6,3,11,18.81
semiconductor,24150000,2004,1,5,6,6,5,28,1,11.81
mobile,80000000,2005,0,9,9,9,6,70,13,21.1
hardware,36000000,2004,1,10,6,5,9,44,5,6.05
network_hosting,205000,2006,0,8,8,6,4,21,5,8.19
web,28300000,2002,1,9,5,9,7,28,0,11.71
web,2000000,2007,0,5,10,6,4,54,13,6.54
games_video,11500000,2005,1,10,6,8,10,54,0,9.7
mobile,4000000,2010,0,10,5,8,8,65,13,21.6
ecommerce,500000,2009,0,10,9,8,7,21,10,23.97
search,4000000,2006,0,8,5,10,6,99,9,11.09
web,9030000,2010,0,9,10,10,8,13,2,10.29
biotech,69900000,2005,1,8,6,5,7,57,13,10.6
messaging,20000,2011,0,6,8,8,9,49,9,10.55
software,238209999,2000,1,6,9,9,9,54,9,5.72
medical,14700000,2004,1,9,6,6,9,10,14,23.54
games_video,430000,2007,1,8,10,7,9,53,11,9.27
enterprise,1015000,2011,1,5,9,9,6,44,2,13.4
web,1200000,2009,0,10,7,10,4,47,3,5.19
web,17100000,2005,1,10,5,10,7,53,1,22.16
web,50000000,2004,1,9,10,9,6,74,8,19.62
software,900000,2006,0,6,7,10,9,46,9,23.94
network_hosting,6000000,1990,0,6,6,8,10,13,11,20.63
advertising,15100000,2002,1,10,8,5,4,37,10,11.27
semiconductor,62600000,2001,1,9,9,6,10,24,13,9.96
mobile,14800000,2006,1,8,5,5,8,2,6,18.95
web,6875000,2008,1,6,9,6,10,86,6,12.28
software,30000,2007,0,8,6,6,8,81,14,16.32
public_relations,22200000,2000,0,6,9,5,8,14,5,5.13
network_hosting,415000,2007,1,6,5,9,9,10,14,6.24
web,27063781,2007,1,7,6,6,8,35,2,15.71
advertising,3100000,2003,1,6,9,5,5,25,5,16.32
search,33000000,2005,0,5,8,6,7,3,14,20.03
web,17400000,2003,1,9,10,7,7,17,13,7.64
web,28300000,2005,1,9,6,9,9,12,11,15.26
advertising,46800000,2006,1,8,10,8,5,54,7,8.89
ecommerce,1525000,2009,1,6,6,6,10,24,7,6.86
travel,1200000,2011,1,5,8,7,6,29,10,13.21
web,12400000,2005,1,8,10,8,10,43,12,8.27
biotech,100000,2006,0,7,7,8,6,25,8,9.44
software,11000000,2003,1,8,5,6,8,60,14,11.35
web,675000,2010,1,8,7,5,4,90,0,10.19
software,13000000,2005,1,6,9,6,6,65,13,6.75
social,3500000,2010,1,7,8,7,4,84,0,6.8
hardware,12000000,2001,0,8,7,8,7,28,2,8.86
games_video,78573646,2007,1,5,6,6,4,16,2,6.01
photo_video,15286415,2007,1,5,9,5,7,47,9,17.53
web,3200000,2008,1,9,9,6,5,81,7,10.75
advertising,30000,2011,0,7,7,9,5,92,14,10.59
software,14650003,2002,1,7,7,5,9,58,9,11.64
software,23500000,2003,1,9,8,7,9,76,0,18.26
software,980000,2001,0,8,5,8,8,27,12,22.41
hardware,20000000,2004,0,7,7,6,6,53,1,20.18
web,1500000,2004,0,5,7,5,8,42,1,19.55
games_video,8000000,2004,1,5,10,9,7,59,2,14.69
software,25200000,2005,1,6,6,5,8,47,12,18.88
software,61000000,2003,1,7,10,10,4,94,5,16.06
games_video,46300000,2006,1,8,10,9,7,34,0,9.33
software,24500000,2002,1,9,9,7,9,37,1,9.17
games_video,7500000,2006,0,9,5,8,5,6,12,10.93
enterprise,14500000,2003,1,8,6,7,9,7,14,23.22
games_video,29000000,2007,0,10,8,6,6,96,12,15.95
network_hosting,24000000,2005,1,6,8,5,7,96,0,19.68
semiconductor,81017493,2000,1,9,7,10,7,25,4,11.93
analytics,1000000,2007,1,7,7,9,4,33,12,13.15
software,12010000,2010,1,6,8,9,6,55,12,7.51
mobile,22000000,2002,1,7,7,5,5,58,6,8.43
biotech,42700000,1999,0,5,5,10,10,7,7,21.55
software,80000000,2000,1,6,10,5,7,57,9,16.7
web,205000,2010,1,9,7,6,7,12,0,11.75
analytics,3750000,2008,1,6,9,7,4,16,6,21.06
other,41000000,2010,0,6,7,9,8,80,12,9.93
games_video,76000000,2008,1,6,6,6,5,43,4,24.52
enterprise,20000000,2006,1,10,5,7,9,77,9,11.9
analytics,9356180,2009,1,6,6,6,6,7,0,11.75
advertising,100000,2013,0,7,6,10,7,51,2,11.24
software,13600000,2007,1,5,9,9,7,73,6,7.44
advertising,3000000,2006,1,8,5,5,9,32,9,7.22
advertising,21138876,2005,0,6,5,5,5,75,0,17.96
enterprise,2345000,2009,1,9,5,7,8,8,6,22.5
web,4000000,2005,0,6,5,8,7,97,4,20.81
software,17000000,2003,0,9,5,10,5,87,0,7.82
web,1100000,2009,1,7,9,7,9,89,0,15.91
software,59700,2010,1,9,7,8,4,72,13,7.11
enterprise,2350000,2008,1,8,6,6,8,45,0,5.91
software,10000000,2006,0,5,5,10,6,86,10,18.13
mobile,21189,2011,0,9,7,6,7,59,8,15.7
software,28000000,2004,1,9,7,9,5,4,10,6.64
software,9500000,2002,0,5,6,10,4,67,12,5.7
semiconductor,69600000,2003,1,8,9,8,6,29,2,24.8
mobile,23500000,2003,1,6,8,9,10,29,14,5.6
software,13000000,2002,1,9,8,5,5,98,12,13.89
games_video,21750000,2005,1,5,7,8,5,98,4,15.09
public_relations,5750000,2000,0,7,10,7,6,28,10,7.35
software,23400000,2005,1,5,10,5,4,77,9,8.38
advertising,4300000,2007,0,7,6,5,10,79,11,12.04
security,20000000,2005,1,8,8,7,9,87,8,20.23
biotech,51000000,2004,1,6,7,10,4,44,5,15.14
enterprise,27101994,2000,1,5,9,5,8,90,11,17.76
public_relations,6480000,2001,1,10,8,8,7,4,8,24.7
enterprise,35000000,2007,1,9,7,9,6,90,7,20.36
web,11300000,2010,0,8,7,5,9,9,7,13.69
ecommerce,19000,2012,0,5,5,8,10,5,0,13.93
ecommerce,78500000,2005,1,9,9,6,6,56,12,17.38
web,600000,2011,0,5,5,8,6,96,8,18.31
network_hosting,13000000,2000,1,7,6,9,4,84,5,15.01
search,43600000,2005,0,5,5,8,7,50,8,17.9
enterprise,142000000,2008,1,10,5,7,8,75,2,5.47
web,2000000,2008,1,5,8,9,5,15,11,13.59
software,26800000,2001,1,5,10,10,5,32,2,10.58
hardware,55900000,2006,0,10,7,6,6,28,5,7.58
mobile,11000000,2005,1,8,9,7,7,22,8,6.99
enterprise,31500000,2009,1,5,5,10,10,17,6,17.06
enterprise,1500000,2009,1,10,9,8,10,59,13,15.47
social,900000,2011,0,9,10,9,9,90,12,10.07
biotech,58000000,2003,1,7,10,6,4,71,2,14.42
software,29050000,2007,1,7,5,7,7,57,2,14.84
news,250000,2011,1,5,6,10,7,26,1,8.9
software,21000000,2003,0,8,5,10,4,25,8,18.04
advertising,35000000,2000,1,8,8,6,10,10,12,20.62
web,500000,2010,0,9,7,8,10,45,14,20.83
public_relations,30920000,2000,1,5,6,6,10,83,2,17.05
software,29288979,2002,1,7,5,10,6,11,10,15.23
software,24200000,1999,0,8,9,5,7,77,4,6.22
web,1000000,2006,1,5,6,7,5,53,13,10.76
web,5550000,2003,1,8,6,6,4,72,13,6.87
mobile,3000000,2009,0,10,5,10,10,68,8,24.28
web,14300000,2005,1,8,6,8,9,95,7,7.7
network_hosting,1000000,2002,0,7,9,10,10,28,1,8.04
software,11000000,2003,1,6,10,8,10,75,2,22.79
photo_video,2000000,2007,0,9,6,6,8,65,1,23.88
web,5000000,2007,1,9,10,8,6,49,7,20.32
enterprise,11000000,2008,1,7,9,9,4,47,5,5.11
enterprise,14100000,2008,1,8,5,9,8,52,5,5.03
search,5000000,2005,0,5,7,9,8,88,11,12.56
web,400000,2009,0,8,6,5,9,54,14,7.87
biotech,10000000,2000,1,7,7,6,7,60,8,5.37
software,11035000,2005,0,9,9,10,9,57,7,14.28
public_relations,12700000,2000,1,8,6,10,7,47,3,23.86
biotech,20757182,2008,1,9,10,5,7,31,14,11.48
software,27000000,2000,1,5,8,8,4,46,11,18.22
advertising,10000000,2004,1,9,7,5,10,26,3,18.04
public_relations,26000000,2001,0,9,6,8,4,5,8,10.02
messaging,4000000,2005,0,6,7,8,6,84,0,18.01
hardware,20220000,2004,1,6,6,7,7,52,12,9.25
games_video,10000000,2001,1,10,5,10,8,75,1,7.44
games_video,7350000,2005,0,6,10,9,10,54,1,19.03
messaging,50000,2009,0,9,7,8,5,33,12,7.27
fashion,1000000,2009,0,7,8,7,6,50,12,24.94
security,45000000,2003,0,9,8,10,4,38,5,8.67
enterprise,70000000,2007,0,7,9,9,9,27,14,16.88
ecommerce,500000,2008,0,7,6,8,6,98,3,13.23
software,500000,2008,0,6,7,8,6,15,12,7.53
semiconductor,44000000,2004,1,8,9,5,10,96,10,5.56
semiconductor,21000000,1999,0,5,7,5,6,61,9,17.45
games_video,19000000,2009,1,6,6,10,6,21,12,21.14
semiconductor,18700000,2006,0,6,8,9,5,46,2,21.84
software,10000000,2009,1,8,5,8,9,69,2,14.65
software,5900000,2006,0,5,8,10,9,6,2,20.55
other,28000000,2004,1,9,9,10,9,38,5,18.46
software,24300000,2007,0,10,10,6,7,62,13,19.49
mobile,32006000,2005,1,10,5,5,8,86,7,14.85
public_relations,13400000,2002,1,9,9,9,9,62,10,17.67
enterprise,9400000,2005,1,6,6,8,6,82,6,21.11
enterprise,15324624,2005,1,5,5,10,6,78,13,12.96
web,2000000,2009,1,6,9,8,9,74,3,21.12
web,16000000,2007,1,7,6,6,10,46,10,16.84
medical,44000000,2006,0,6,8,9,9,13,11,8.32
software,1175000,2010,0,6,10,10,6,95,3,5.49
network_hosting,9000000,2000,1,9,6,8,7,94,10,12.26
web,35150000,2002,1,9,7,5,4,3,9,15.93
software,12000000,2005,1,9,6,6,4,94,14,21.8
biotech,30000000,2002,1,10,6,9,9,6,10,7.55
security,8000000,2003,1,7,10,6,5,93,10,21.0
advertising,4100000,2007,1,9,7,5,9,8,13,22.26
social,2408500,2008,0,5,9,9,10,44,10,8.01
other,72000000,2002,0,10,9,6,9,33,1,22.03
enterprise,18400000,2006,0,8,6,7,4,81,13,24.83
biotech,162264126,1997,0,5,7,5,6,75,0,19.54
biotech,29000000,2003,1,5,7,5,9,77,8,20.7
network_hosting,8700000,2000,0,9,10,5,6,50,11,24.89
mobile,10000000,2001,1,8,8,7,6,11,14,17.11
software,15000000,2008,1,8,9,7,5,95,11,11.16
search,2600000,2008,0,10,10,8,6,28,1,21.75
web,15000000,2005,1,8,5,10,4,70,12,17.29
web,4000000,2011,1,7,9,6,7,41,7,16.62
biotech,73000000,2006,1,9,10,8,7,16,14,10.07
education,12123837,2011,1,8,9,6,8,68,8,20.13
mobile,22400000,2005,1,10,8,10,10,99,3,6.63
enterprise,5700000,2009,1,7,5,7,9,48,7,23.49
biotech,28500000,2002,0,6,8,10,10,56,8,11.52
software,21000000,2007,1,6,5,7,4,64,9,7.56
software,8000000,1984,0,7,6,10,6,59,9,13.85
games_video,1500000,2008,0,10,10,8,7,90,4,5.85
advertising,28300000,2006,1,7,5,9,10,62,12,18.69
web,7939553,2008,1,9,8,8,4,76,13,23.05
public_relations,545000,2009,0,9,9,6,7,11,6,21.75
semiconductor,15247925,2001,1,6,5,8,6,89,9,7.55
games_video,12800000,2007,1,8,10,5,10,18,3,7.53
mobile,950000,2010,0,10,5,6,7,19,0,21.27
web,16000000,2000,1,6,7,10,9,87,2,23.49
semiconductor,10000000,2000,1,8,9,6,9,55,4,14.21
fashion,1500000,2011,1,8,10,9,8,82,2,14.98
hardware,13000000,2004,0,9,10,7,8,26,11,11.37
hardware,10000000,2009,1,5,6,10,7,6,12,22.89
advertising,3915000,2008,1,5,8,6,4,4,10,17.9
travel,1400000,2009,1,7,6,10,9,29,6,10.77
ecommerce,650000,2012,0,9,10,10,4,59,11,10.98
games_video,9700000,2007,0,8,9,10,4,98,8,22.82
software,15000000,2003,1,10,5,7,7,17,14,5.27
enterprise,38764000,2002,1,5,5,8,4,43,11,11.45
cleantech,211403000,2005,0,8,9,10,9,80,5,16.09
enterprise,20750000,2008,1,5,10,5,6,66,12,7.96
social,1020000,2009,1,5,5,9,8,34,9,6.84
software,13000000,2007,0,5,5,7,6,8,0,21.31
software,14700000,2007,1,10,5,6,4,13,6,22.89
mobile,33000000,2005,1,9,8,7,6,8,14,21.47
medical,30000000,2005,1,10,8,6,9,94,2,22.98
software,33000000,2006,0,6,7,7,9,96,4,16.06
social,150000,2011,0,8,6,6,4,94,9,21.25
advertising,20000,2010,0,9,9,10,7,65,3,12.68
medical,30926154,2008,0,9,9,8,6,43,9,18.33
advertising,2000000,2010,0,9,9,6,7,39,4,24.78
software,19000000,2003,0,9,7,6,7,81,4,9.51
advertising,33000000,2002,0,10,8,5,5,59,5,12.8
cleantech,15650000,2002,1,9,10,6,4,84,13,14.6
web,17400000,2000,1,7,10,5,8,88,9,7.76
real_estate,154000,2010,0,8,7,9,9,86,11,6.62
web,35000000,2004,0,9,10,10,9,93,9,21.59
mobile,7516703,2008,0,8,9,5,4,86,12,24.54
cleantech,48000000,2008,0,7,6,8,10,44,12,13.09
network_hosting,65800000,2000,1,7,5,10,10,9,10,6.75
analytics,125000,2012,0,8,8,5,10,37,5,6.32
search,750000,2006,1,5,8,10,8,74,7,22.83
enterprise,17000000,2009,1,6,7,10,9,36,7,14.28
enterprise,4087500,1999,0,5,8,10,4,92,10,11.4
hardware,1000000,1995,0,5,9,9,9,28,8,14.53
health,23500000,2007,1,10,10,8,7,42,7,11.37
web,990000,2007,0,5,9,7,6,43,12,14.78
advertising,1000000,2007,1,9,7,7,6,85,10,22.19
health,41000000,2006,1,10,9,5,9,88,1,16.85
semiconductor,7000000,2008,0,10,10,10,5,42,13,18.89
biotech,55000000,2008,1,7,6,5,8,66,13,12.29
software,69000000,2007,1,5,7,9,10,55,11,19.77
enterprise,129677153,2006,1,7,6,9,8,72,9,18.33
biotech,232000100,2006,1,8,5,6,8,48,11,7.39
enterprise,5700000,2009,1,6,6,9,7,91,10,16.45
security,10500000,2002,1,10,5,6,8,22,14,10.13
ecommerce,23000000,2004,0,8,5,8,6,27,0,21.08
photo_video,14000000,2000,1,8,6,5,7,93,9,13.52
software,7500000,2005,1,9,7,8,4,67,1,24.89
social,1420000,2009,1,6,10,9,8,13,1,6.85
ecommerce,9000000,2008,0,8,9,8,8,45,11,20.61
games_video,500000,2009,0,8,9,8,4,10,2,18.47
news,70000,2012,1,6,10,8,8,9,9,20.35
ecommerce,850000,2006,0,6,5,9,4,54,6,11.15
enterprise,15000000,2008,1,8,5,10,7,27,1,14.84
web,3150000,2007,1,6,7,8,6,34,13,20.93
ecommerce,5500000,2011,0,8,8,6,4,1,0,9.65
cleantech,10571182,2009,1,8,6,9,5,32,13,9.52
real_estate,500000,2010,0,9,5,8,4,89,5,16.02
music,24900000,2005,1,5,9,10,8,93,8,15.47
web,3529175,2007,0,8,7,9,10,71,14,10.65
travel,23400000,2008,1,7,6,7,10,67,2,10.96
security,8800000,2002,1,10,7,10,7,84,5,10.56
fashion,1500000,2010,0,5,6,6,9,20,2,20.43
semiconductor,74000000,2000,0,5,6,8,7,94,13,18.04
network_hosting,8800000,2000,1,5,10,7,9,35,12,21.65
web,7100000,2001,1,9,5,7,10,99,0,24.51
ecommerce,3500000,2006,1,8,7,9,10,91,13,14.48
software,3000000,2009,1,9,7,7,4,90,12,6.33
web,11000,2011,0,8,10,6,6,78,11,5.96
semiconductor,26200000,2001,1,9,9,6,5,17,4,10.91
software,29000000,2004,1,9,9,5,7,18,9,23.65
software,10000000,2004,0,10,5,6,8,45,13,15.46
web,500000,2010,0,7,5,10,9,93,12,10.44
enterprise,11500000,2008,1,9,8,7,8,84,10,12.98
enterprise,5350000,2009,1,10,10,6,6,53,3,16.97
mobile,11015719,2006,0,6,9,9,9,91,6,18.06
advertising,9807367,2009,1,7,6,5,7,82,5,8.08
web,2535000,2010,1,9,7,7,4,68,9,24.54
enterprise,19000000,2002,1,5,5,5,8,65,6,15.9
travel,475000,2010,1,6,7,7,6,1,4,7.71
games_video,36000000,2003,1,6,7,9,7,58,14,22.87
games_video,12000000,2002,1,10,8,5,10,26,14,6.49
biotech,122000000,2009,1,6,9,8,10,20,3,23.15
news,1750000,2012,1,7,5,10,7,87,6,24.93
web,130000,2009,1,9,7,10,7,10,6,19.01
other,13222860,1999,0,9,5,7,7,59,5,20.41
public_relations,2192000,2005,0,5,6,8,9,75,7,11.75
web,2000000,2005,1,10,8,5,7,41,3,23.83
analytics,9400000,2005,1,5,6,8,8,5,9,15.59
semiconductor,13045000,2003,1,6,5,8,6,65,4,19.65
web,10000000,2006,1,5,5,5,9,17,3,23.48
advertising,6000000,2007,1,7,9,9,7,22,11,24.5
mobile,2100000,2006,0,9,7,8,5,98,0,21.66
travel,3250000,2009,1,6,7,8,5,41,11,11.06
hardware,148000000,2000,0,5,6,9,6,93,7,24.33
hardware,24500000,2000,1,10,8,8,10,68,0,17.56
enterprise,72000,2009,0,7,10,8,4,69,4,23.61
other,10360000,2001,0,7,7,8,4,11,14,18.52
software,1310000,2008,1,5,9,10,10,56,5,11.14
games_video,150000,2010,0,9,6,6,9,51,5,12.4
semiconductor,64000000,2003,1,5,6,9,9,21,12,16.01
ecommerce,250000,2010,0,6,10,8,9,99,4,20.8
health,1830000,2008,1,5,9,10,4,76,2,11.36
enterprise,9800000,2010,1,7,8,9,5,26,14,16.59
web,2300000,2005,1,5,9,7,4,19,4,11.91
web,1310000,2005,0,9,8,7,8,60,11,21.32
games_video,4500000,2007,0,10,9,8,7,71,7,14.33
software,22000000,2003,1,8,9,10,9,47,13,6.53
advertising,10000000,2007,1,5,5,10,5,71,1,8.32
ecommerce,36500000,2009,1,9,6,9,6,26,5,6.22
web,33672656,2003,1,9,9,9,6,40,8,14.99
enterprise,19000000,2009,1,10,10,10,7,5,7,7.13
semiconductor,30000000,2002,1,7,9,9,5,21,13,7.28
web,2250000,2009,1,9,7,10,4,78,10,23.82
hardware,53818873,2000,1,9,6,6,4,4,7,22.45
web,5500000,2004,0,9,7,10,8,23,7,14.04
network_hosting,6000000,2006,1,9,6,7,8,84,14,24.72
advertising,30150000,2006,0,6,7,9,4,15,12,5.0
biotech,83000000,2002,1,6,9,10,6,93,6,17.28
games_video,12000000,2006,0,7,9,10,9,8,7,17.33
software,3500000,2008,1,5,5,9,6,41,12,14.15
software,4000000,2006,1,9,10,6,8,19,5,12.94
manufacturing,4000000,2009,0,10,7,6,7,46,1,14.11
software,25000000,2000,1,5,8,9,4,28,1,13.3
mobile,1420698,2007,1,10,5,5,8,91,7,19.61
semiconductor,10000000,2001,1,5,7,9,8,68,10,7.71
transportation,67000000,2007,1,7,7,9,9,15,0,8.95
analytics,53000000,2005,1,9,5,6,4,99,5,8.61
games_video,300000,2010,0,9,9,6,9,37,12,10.25
software,1400000,2002,1,8,7,9,4,1,5,15.51
web,6500000,2004,1,10,9,9,9,67,10,7.22
cleantech,5000000,2008,1,5,5,9,6,24,3,22.36
enterprise,9600000,2007,1,5,9,6,7,27,11,10.95
mobile,58200000,2000,1,6,6,9,7,40,10,8.25
network_hosting,28000000,2006,1,8,8,9,4,63,12,18.51
network_hosting,30000000,2005,1,6,7,8,5,61,14,5.76
games_video,3500000,2007,1,6,10,5,10,36,10,17.4
web,16700000,2008,0,6,8,7,8,98,12,18.96
semiconductor,18000000,1996,0,10,9,5,8,93,9,9.3
medical,15000000,2003,1,10,7,8,4,24,2,5.84
hardware,12000000,2004,0,7,9,7,9,24,12,12.27
ecommerce,15000,2009,0,7,6,9,5,4,10,6.97
news,200000,2009,1,6,5,8,6,67,2,7.33
semiconductor,15000000,2003,0,8,7,9,9,34,14,10.09
enterprise,1400000,2009,1,5,6,6,9,57,14,10.91
enterprise,11400000,2006,0,10,6,10,4,49,12,15.6
cleantech,34250000,2008,1,8,7,8,4,87,12,18.57
messaging,3800000,2008,1,9,9,6,8,53,0,16.86
software,10100000,2003,1,10,10,8,4,23,2,7.97
software,4000000,2003,0,10,6,8,4,69,3,8.44
software,3011408,2008,1,7,8,6,4,95,10,22.58
software,8000000,1998,0,5,6,7,8,53,10,16.17
analytics,12700000,2010,1,5,10,5,6,62,4,22.4
public_relations,300000,2007,0,9,9,9,6,41,2,12.43
web,5675000,2013,1,9,9,8,10,57,5,17.29
advertising,1000000,2008,1,10,8,9,10,60,10,15.47
enterprise,125000,2008,0,6,6,10,4,54,13,11.38
web,700000,2010,0,7,9,6,10,70,14,14.4
enterprise,532000,2010,1,7,10,9,8,57,11,15.05
web,8500000,2005,1,10,7,6,6,10,4,9.02
network_hosting,9400000,2003,1,8,5,9,9,40,2,11.3
mobile,350000,2010,0,6,5,5,6,7,5,20.83
enterprise,12300000,2006,1,10,5,5,6,38,5,23.32
network_hosting,25413298,2006,1,6,6,5,8,85,14,12.2
news,9800000,2010,1,6,8,5,10,61,13,11.14
games_video,1015000,2010,0,6,9,5,9,84,7,8.9
enterprise,10000003,2009,1,10,7,5,8,3,1,18.57
travel,1750000,2007,1,7,10,6,4,51,0,11.46
messaging,100000,2009,1,7,7,8,7,86,3,24.75
software,12000000,2011,1,6,10,9,6,47,6,11.51
messaging,11450000,2010,1,8,6,5,7,68,14,12.88
advertising,50000,2007,0,5,5,6,8,92,10,17.07
software,20000000,2006,0,10,6,6,8,76,9,21.03
public_relations,42500000,2003,1,5,8,6,8,38,2,14.39
semiconductor,22487000,2006,1,8,8,8,7,36,2,13.45
software,7800000,2007,1,10,10,9,8,41,4,24.91
semiconductor,59000000,2001,1,6,9,8,4,69,4,5.21
mobile,4000000,2008,0,7,9,7,8,13,12,22.9
cleantech,71400000,2008,1,5,10,6,5,87,9,7.98
cleantech,25500000,2008,1,9,8,7,10,58,2,20.72
advertising,28932322,2005,1,9,8,10,7,50,8,17.36
analytics,35200000,2007,1,8,8,5,5,30,3,11.84
public_relations,10000000,2000,0,6,6,5,8,62,12,22.48
analytics,22100000,2008,1,5,8,8,4,25,12,5.26
mobile,33000000,2001,1,6,7,9,6,27,14,9.53
biotech,15000000,2001,1,5,5,7,9,51,2,16.34
mobile,13000000,2000,1,8,8,9,10,78,10,12.03
mobile,12800000,2004,1,8,10,8,9,57,1,17.21
mobile,626096,2007,0,9,5,5,8,47,9,5.48
analytics,20350000,2008,1,6,6,9,10,39,12,7.33
hardware,10000000,2004,0,10,10,9,10,16,10,7.54
web,425000,2011,1,9,5,5,4,22,8,8.79
semiconductor,37891054,2003,1,6,10,7,10,85,3,14.19
mobile,40000000,2004,1,9,6,5,7,54,2,20.04
games_video,5550000,2007,1,10,7,9,5,21,6,23.11
mobile,770000,2010,1,7,6,7,5,72,7,21.71
consulting,19550000,2006,0,7,6,7,5,16,10,8.94
web,4000000,2007,1,7,10,5,7,59,13,13.82
web,42000000,2004,1,7,9,9,9,31,1,8.99
other,1900000,2005,0,5,8,8,4,42,6,10.29
games_video,45039999,2008,1,7,8,9,10,74,11,15.07
news,1310000,2006,0,10,7,6,7,32,4,6.36
hardware,3000000,2001,1,8,7,10,5,59,14,9.36
software,36000000,2008,1,8,8,8,8,34,10,23.71
software,3000000,2010,1,5,9,7,6,9,4,14.32
web,1300000,2007,0,7,8,8,10,81,2,13.91
software,50000,1997,0,7,9,7,7,11,4,5.29
web,6500000,2006,1,7,7,7,7,96,11,9.95
advertising,4600000,2011,1,9,5,8,4,10,1,22.33
software,21900000,2005,1,6,10,7,4,86,3,8.29
games_video,240000,2008,1,9,7,7,7,17,5,13.3
software,34700000,2005,1,6,7,6,5,68,0,5.29
software,33000000,2004,1,7,6,9,6,48,9,14.57
education,1800000,2010,0,7,6,9,10,52,3,5.42
advertising,27300000,2006,1,9,6,10,4,25,5,21.39
web,6760000,2007,0,9,10,10,10,21,8,21.5
software,26914000,2000,1,6,6,6,5,65,13,20.75
semiconductor,27500000,2002,1,8,9,10,10,63,10,10.67
other,9000000,2003,0,6,8,8,8,89,10,21.74
public_relations,954000,2006,0,9,5,5,4,51,12,15.86
semiconductor,53000000,2000,1,10,7,5,5,36,1,12.48
social,23100000,2004,1,9,9,5,5,81,10,17.51
cleantech,108900000,2006,1,10,5,6,6,88,6,5.25
web,55000000,2005,1,5,9,6,6,66,5,7.86
mobile,5686383,2009,1,9,9,7,8,15,1,19.85
biotech,49008830,2004,0,5,7,5,5,96,7,9.88
mobile,32200000,2005,1,8,8,8,9,39,6,16.96
web,2000000,2006,0,6,6,10,5,70,10,12.7
games_video,2700000,2007,1,10,10,8,6,1,4,22.1
advertising,2000000,2004,0,6,8,10,9,23,11,24.05
advertising,18000000,2006,1,5,10,5,4,39,4,22.67
mobile,122500000,2000,1,10,7,5,4,57,6,10.41
advertising,1100000,2009,1,6,7,5,10,81,8,8.88
security,52000000,1998,0,9,7,6,7,34,10,14.49
biotech,44000000,1999,0,7,5,10,6,41,14,5.15
software,15500000,2009,1,5,10,6,7,93,8,5.52
security,20000000,2003,1,6,8,6,9,73,8,16.07
